{
    "_rows": 20,
    "_columns": 20,
    "_payloadDepth": 1,
    "_startIntensity": 2.0,
    "_showGrid": false,
    "_firePoolSize": 100,
    "_updateInterval": 0.25,
    "_startingFlames": [
        {
            "x": 10.0,
            "y": 13.0
        }
    ],
    "_spreadLimit": 4,
    "_loadFromFile": true,
    "_spreadChance": 0.25,
    "_growthFactor": 0.2,
    "_maxFlameIntensity": 5.0,
    "_waterStrength": 0.05,
    "_prewarm": 10,
    "_spreadIntensity": 2.5,
    "_configFileName": "level1",
    "_levelTime": 60
}
