time, counter, id, level, hp, bar_type, damage, score, proximity, active, fps, type
1.466582,0,8576,1,1000,Linear HP Bar,0,0,0,0,3,1,Atomic
1.466582,0,8576,1,1000,Linear HP Bar,0,0,0,0,3,1,Timeout
1.724268,0,9940,1,1000,Linear HP Bar,0,0,0,0,3,1,Atomic
1.724268,0,9940,1,1000,Linear HP Bar,0,0,0,0,3,1,Timeout
1.116633,0,6421,1,1000,Linear HP Bar,0,0,0,0,3,1,Atomic
1.116633,0,6421,1,1000,Linear HP Bar,0,0,0,0,3,1,Timeout
7.401516,0,6236,1,1000,Linear HP Bar,0,0,0,0,3,1,Atomic
7.401516,0,6236,1,1000,Linear HP Bar,0,0,0,0,3,1,Timeout
26.65174,0,6236,1,1000,Linear HP Bar,0,0,0,0,3,1159,Atomic
26.65174,0,6236,1,1000,Linear HP Bar,0,0,0,0,3,1159,Timeout
2.832039,2147483648,1394,1,1000,Linear HP Bar,0,0,0,0,3,1,Atomic
3.845612,59,1394,1,1000,Linear HP Bar,0,0,0,0,6,62,Atomic
4.85642,58,1394,1,1000,Linear HP Bar,0,0,0,0,7,61,Atomic
5.86674,57,1394,1,1000,Linear HP Bar,0,0,0,0,9,61,Atomic
6.868776,56,1394,1,1000,Linear HP Bar,0,0,0,0,13,60,Atomic
7.879342,55,1394,1,1000,Linear HP Bar,0,0,5,2.52,17,61,Atomic
8.890323,54,1394,1,1000,Linear HP Bar,0,2,4,3.95,20,61,Atomic
9.901163,53,1394,1,1000,Linear HP Bar,0,5,1,5,19,61,Atomic
10.91675,52,1394,1,1000,Linear HP Bar,0,1,0,0,21,61,Atomic
11.92646,51,1394,1,1000,Linear HP Bar,0,0,0,0,22,60,Atomic
12.93715,50,1394,1,1000,Linear HP Bar,0,0,0,0,24,61,Atomic
13.94783,49,1394,1,1000,Linear HP Bar,0,0,0,0,29,61,Atomic
14.95853,48,1394,1,1000,Linear HP Bar,0,0,1,1.8,30,61,Atomic
15.96928,47,1394,1,951,Linear HP Bar,49,2,15,4.42666666666667,34,61,Atomic
16.9795,46,1394,1,894,Linear HP Bar,57,6,3,2.8,34,60,Atomic
17.99006,45,1394,1,894,Linear HP Bar,0,3,0,0,30,61,Atomic
18.99274,44,1394,1,894,Linear HP Bar,0,0,0,0,30,60,Atomic
19.99403,43,1394,1,888,Linear HP Bar,6,0,8,3.875,32,60,Atomic
21.00522,42,1394,1,864,Linear HP Bar,24,6,3,5,30,61,Atomic
22.01236,41,1394,1,853,Linear HP Bar,11,1,7,4.77857142857143,29,60,Atomic
23.02296,40,1394,1,851,Linear HP Bar,2,6,5,5.02,27,61,Atomic
24.03349,39,1394,1,851,Linear HP Bar,0,6,3,5,27,61,Atomic
25.04412,38,1394,1,813,Linear HP Bar,38,7,6,5,25,61,Atomic
26.0548,37,1394,1,767,Linear HP Bar,46,6,3,5,25,61,Atomic
27.05959,36,1394,1,767,Linear HP Bar,0,4,3,3.48333333333334,22,59,Atomic
28.07016,35,1394,1,723,Linear HP Bar,44,4,12,3.74166666666667,24,61,Atomic
29.08073,34,1394,1,702,Linear HP Bar,21,7,2,2.825,25,61,Atomic
30.09128,33,1394,1,702,Linear HP Bar,0,4,0,0,22,61,Atomic
1.337923,2147483648,5401,1,1000,Linear HP Bar,0,0,0,0,3,1,Atomic
2.351917,59,5401,1,1000,Linear HP Bar,0,0,0,0,6,62,Atomic
3.355224,58,5401,1,1000,Linear HP Bar,0,0,0,0,7,60,Atomic
1.003273,60,2990,1,1000,Linear HP Bar,0,0,0,0,3,10,Atomic
2.01805,59,2990,1,1000,Linear HP Bar,0,0,0,0,6,61,Atomic
3.028714,58,2990,1,1000,Linear HP Bar,0,0,0,0,8,61,Atomic
4.039181,57,2990,1,1000,Linear HP Bar,0,0,0,0,11,61,Atomic
5.050543,56,2990,1,1000,Linear HP Bar,0,0,0,0,14,61,Atomic
6.065076,55,2990,1,1000,Linear HP Bar,0,0,0,0,15,60,Atomic
7.075643,54,2990,1,1000,Linear HP Bar,0,0,0,0,19,61,Atomic
8.086221,53,2990,1,1000,Linear HP Bar,0,0,0,0,22,61,Atomic
6.830149,2147483648,3616,1,1000,Linear HP Bar,0,0,0,0,3,1,Atomic
7.832842,59,3616,1,1000,Linear HP Bar,0,0,0,0,6,61,Atomic
8.84341,58,3616,1,1000,Linear HP Bar,0,0,0,0,6,61,Atomic
9.854388,57,3616,1,1000,Linear HP Bar,0,0,0,0,8,61,Atomic
10.86473,56,3616,1,1000,Linear HP Bar,0,0,0,0,12,61,Atomic
11.87511,55,3616,1,1000,Linear HP Bar,0,0,0,0,14,61,Atomic
12.88053,54,3616,1,1000,Linear HP Bar,0,1,4,3.3,15,60,Atomic
13.89274,53,3616,1,1000,Linear HP Bar,0,8,2,3.2,18,61,Atomic
14.90408,52,3616,1,1000,Linear HP Bar,0,3,0,0,19,61,Atomic
15.91544,51,3616,1,1000,Linear HP Bar,0,1,0,0,20,61,Atomic
16.93175,50,3616,1,1000,Linear HP Bar,0,0,0,0,25,61,Atomic
17.93249,49,3616,1,1000,Linear HP Bar,0,0,0,0,22,60,Atomic
18.9428,48,3616,1,1000,Linear HP Bar,0,0,0,0,24,61,Atomic
19.95338,47,3616,1,1000,Linear HP Bar,0,0,0,0,28,61,Atomic
20.96393,46,3616,1,1000,Linear HP Bar,0,0,0,0,30,61,Atomic
21.97451,45,3616,1,1000,Linear HP Bar,0,0,1,2.8,31,61,Atomic
22.99045,44,3616,1,971,Linear HP Bar,29,3,9,4.46666666666667,34,60,Atomic
24.0007,43,3616,1,960,Linear HP Bar,11,4,1,2,34,61,Atomic
25.01137,42,3616,1,960,Linear HP Bar,0,1,0,0,31,61,Atomic
26.01208,41,3616,1,930,Linear HP Bar,30,5,6,5.04166666666667,31,60,Atomic
27.02584,40,3616,1,900,Linear HP Bar,30,2,8,5.01875,28,61,Atomic
28.03972,39,3616,1,839,Linear HP Bar,61,4,9,3.86666666666667,28,60,Atomic
29.05178,38,3616,1,808,Linear HP Bar,31,9,7,4.43571428571429,27,61,Atomic
30.06444,37,3616,1,725,Linear HP Bar,83,6,15,4.07333333333334,29,61,Atomic
31.07473,36,3616,1,655,Linear HP Bar,70,5,15,3.57666666666667,30,61,Atomic
32.08836,35,3616,1,594,Linear HP Bar,61,0,15,3.89666666666667,31,61,Atomic
33.09705,34,3616,1,533,Linear HP Bar,61,0,15,3.93666666666667,32,60,Atomic
34.10819,33,3616,1,491,Linear HP Bar,42,6,1,3.4,33,61,Atomic
35.12057,32,3616,1,491,Linear HP Bar,0,2,1,4.55,31,61,Atomic
36.13484,31,3616,1,491,Linear HP Bar,0,2,3,4.8,31,61,Atomic
37.1451,30,3616,1,491,Linear HP Bar,0,2,1,5.15,30,61,Atomic
38.15117,29,3616,1,478,Linear HP Bar,13,6,4,4.4625,29,60,Atomic
39.16195,28,3616,1,478,Linear HP Bar,0,6,1,5.05,31,61,Atomic
40.1727,27,3616,1,478,Linear HP Bar,0,7,2,3.45,30,61,Atomic
41.17784,26,3616,1,477,Linear HP Bar,1,1,6,3.97500000000001,30,60,Atomic
42.19005,25,3616,1,477,Linear HP Bar,0,13,0,0,30,61,Atomic
43.19775,24,3616,1,477,Linear HP Bar,0,1,2,3.45000000000001,30,60,Atomic
44.19948,23,3616,1,477,Linear HP Bar,0,2,5,5.04000000000001,30,60,Atomic
45.20946,22,3616,1,477,Linear HP Bar,0,3,1,5.10000000000001,28,61,Atomic
46.21048,21,3616,1,477,Linear HP Bar,0,8,3,5.06666666666667,29,60,Atomic
47.22409,20,3616,1,477,Linear HP Bar,0,0,3,4.86666666666667,27,61,Atomic
48.23025,19,3616,1,476,Linear HP Bar,1,8,4,3.81250000000001,28,59,Atomic
49.23304,18,3616,1,476,Linear HP Bar,0,3,1,5,25,60,Atomic
50.24503,17,3616,1,476,Linear HP Bar,0,2,4,5.08750000000001,24,61,Atomic
51.25738,16,3616,1,476,Linear HP Bar,0,3,7,4.49285714285715,26,61,Atomic
52.27039,15,3616,1,457,Linear HP Bar,19,6,7,5.05000000000001,25,61,Atomic
53.27957,14,3616,1,452,Linear HP Bar,5,7,7,4.26428571428572,22,60,Atomic
54.29153,13,3616,1,451,Linear HP Bar,1,8,3,4.83333333333334,21,61,Atomic
55.3021,12,3616,1,451,Linear HP Bar,0,4,3,5.00000000000001,21,61,Atomic
56.3132,11,3616,1,451,Linear HP Bar,0,3,3,5.03333333333334,21,61,Atomic
57.32323,10,3616,1,451,Linear HP Bar,0,3,2,5.00000000000001,19,61,Atomic
58.33217,9,3616,1,451,Linear HP Bar,0,2,0,0,19,60,Atomic
59.34253,8,3616,1,451,Linear HP Bar,0,3,2,5.075,19,61,Atomic
60.35309,6,3616,1,451,Linear HP Bar,0,2,0,0,18,61,Atomic
61.36433,5,3616,1,451,Linear HP Bar,0,1,3,3.78333333333335,21,61,Atomic
62.37423,4,3616,1,451,Linear HP Bar,0,4,0,0,22,61,Atomic
63.38614,3,3616,1,451,Linear HP Bar,0,4,4,4.45,20,60,Atomic
64.39822,2,3616,1,451,Linear HP Bar,0,4,1,1.8,17,61,Atomic
65.40163,1,3616,1,451,Linear HP Bar,0,4,3,4.66666666666667,17,60,Atomic
66.41217,0,3616,1,451,Linear HP Bar,0,3,1,5.00000000000001,16,61,Atomic
66.85947,0,3616,1,451,Linear HP Bar,549,188,1,5.00000000000001,16,61,Timeout
78.16945,0,3616,0,451,Linear HP Bar,0,5,0,0,12,706,Atomic
78.16945,0,3616,0,451,Linear HP Bar,549,190,0,0,12,706,Timeout
80.55128,0,3616,-1,451,Linear HP Bar,0,0,0,0,12,143,Atomic
80.55128,0,3616,-1,451,Linear HP Bar,549,190,0,0,12,143,Timeout
82.0328,0,3616,-2,451,Linear HP Bar,0,0,0,0,12,89,Atomic
82.0328,0,3616,-2,451,Linear HP Bar,549,190,0,0,12,89,Timeout
83.19688,0,3616,-3,451,Linear HP Bar,0,0,0,0,12,69,Atomic
83.19688,0,3616,-3,451,Linear HP Bar,549,190,0,0,12,69,Timeout
83.9932,0,3616,-4,451,Linear HP Bar,549,190,0,0,12,69,Timeout
84.65766,0,3616,-5,451,Linear HP Bar,0,0,0,0,12,87,Atomic
84.65766,0,3616,-5,451,Linear HP Bar,549,190,0,0,12,87,Timeout
85.28317,0,3616,-6,451,Linear HP Bar,549,190,0,0,12,87,Timeout
86.03215,0,3616,-7,451,Linear HP Bar,0,0,0,0,12,82,Atomic
86.03215,0,3616,-7,451,Linear HP Bar,549,190,0,0,12,82,Timeout
86.75684,0,3616,-8,451,Linear HP Bar,549,190,0,0,12,82,Timeout
90.83514,0,3616,-9,451,Linear HP Bar,0,0,0,0,12,288,Atomic
90.83514,0,3616,-9,451,Linear HP Bar,549,190,0,0,12,288,Timeout
2.239076,2147483648,2123,0,1000,Linear HP Bar,0,0,0,0,3,1,Atomic
3.252336,2147483648,2123,0,1000,Linear HP Bar,0,0,0,0,7,62,Atomic
4.262862,2147483648,2123,0,1000,Linear HP Bar,0,0,0,0,8,61,Atomic
5.273419,2147483648,2123,0,1000,Linear HP Bar,0,0,0,0,8,61,Atomic
6.283981,2147483648,2123,0,1000,Linear HP Bar,0,0,0,0,9,61,Atomic
7.297141,2147483648,2123,0,1000,Linear HP Bar,0,0,0,0,15,61,Atomic
8.307707,2147483648,2123,0,1000,Linear HP Bar,0,0,0,0,15,61,Atomic
9.318274,2147483648,2123,0,1000,Linear HP Bar,0,0,0,0,16,61,Atomic
10.33145,2147483648,2123,0,1000,Linear HP Bar,0,0,0,0,22,60,Atomic
11.34187,2147483648,2123,0,1000,Linear HP Bar,0,0,0,0,24,61,Atomic
1.281578,2147483648,489,1,1000,Linear HP Bar,0,0,0,0,3,1,Atomic
2.295435,59,489,1,1000,Linear HP Bar,0,0,0,0,7,62,Atomic
3.306005,58,489,1,1000,Linear HP Bar,0,0,0,0,8,61,Atomic
4.313702,57,489,1,1000,Linear HP Bar,0,2,2,3.8,12,60,Atomic
5.324273,56,489,1,1000,Linear HP Bar,0,2,0,0,11,61,Atomic
6.335841,55,489,1,1000,Linear HP Bar,0,1,0,0,9,61,Atomic
7.346698,54,489,1,1000,Linear HP Bar,0,0,0,0,12,61,Atomic
8.35854,53,489,1,1000,Linear HP Bar,0,0,0,0,14,61,Atomic
9.362687,52,489,1,1000,Linear HP Bar,0,0,1,1.8,15,60,Atomic
10.37609,51,489,1,988,Linear HP Bar,12,2,7,3.88571428571429,16,61,Atomic
11.38987,50,489,1,947,Linear HP Bar,41,5,6,3.8,14,61,Atomic
12.40581,49,489,1,944,Linear HP Bar,3,8,0,0,13,61,Atomic
13.42032,48,489,1,944,Linear HP Bar,0,4,2,5,9,61,Atomic
14.43365,47,489,1,943,Linear HP Bar,1,2,4,3.8375,10,60,Atomic
15.44422,46,489,1,943,Linear HP Bar,0,6,1,5,7,61,Atomic
16.45478,45,489,1,943,Linear HP Bar,0,4,1,4.80000000000001,5,61,Atomic
17.46561,44,489,1,943,Linear HP Bar,0,5,0,0,2,61,Atomic
18.1472,43,489,1,943,Linear HP Bar,57,41,0,0,2,61,Victory
22.17921,43,489,2,943,Linear HP Bar,0,0,0,0,0,283,Atomic
22.19578,2147483648,489,2,1000,Linear HP Bar,0,0,0,0,3,1,Atomic
23.21,59,489,2,1000,Linear HP Bar,0,0,0,0,5,62,Atomic
24.21414,58,489,2,1000,Linear HP Bar,0,0,0,0,7,60,Atomic
25.22483,57,489,2,1000,Linear HP Bar,0,0,0,0,10,61,Atomic
1.127107,2147483648,4064,1,1000,Linear HP Bar,0,0,0,0,0,1,Atomic
1.127107,2147483648,4064,1,1000,Linear HP Bar,0,0,0,0,0,1,Victory
2.141107,59,4064,1,1000,Linear HP Bar,0,0,0,0,0,62,Atomic
3.151674,58,4064,1,1000,Linear HP Bar,0,0,0,0,0,61,Atomic
3.433689,60,4595,1,1000,Linear HP Bar,0,0,7,2.54285714285714,17,3,Atomic
4.442684,59,4595,1,999,Linear HP Bar,1,0,7,3.11428571428571,19,60,Atomic
5.449331,58,4595,1,986,Linear HP Bar,13,0,3,3.13333333333333,20,60,Atomic
6.460049,57,4595,1,986,Linear HP Bar,0,0,1,1.4,27,61,Atomic
7.470839,56,4595,1,986,Linear HP Bar,0,0,1,2,35,61,Atomic
8.48126,55,4595,1,986,Linear HP Bar,0,0,0,0,40,61,Atomic
9.489455,54,4595,1,986,Linear HP Bar,0,0,0,0,50,60,Atomic
10.49761,53,4595,1,986,Linear HP Bar,0,0,0,0,52,45,Atomic
11.51277,52,4595,1,986,Linear HP Bar,0,0,0,0,58,54,Atomic
12.52465,51,4595,1,986,Linear HP Bar,0,0,1,1.2,63,61,Atomic
13.53531,50,4595,1,986,Linear HP Bar,0,0,1,1.8,73,61,Atomic
14.53599,49,4595,1,986,Linear HP Bar,0,0,1,2.4,78,60,Atomic
15.54639,48,4595,1,986,Linear HP Bar,0,0,2,2.3,87,61,Atomic
16.55696,47,4595,1,986,Linear HP Bar,0,0,2,2.9,94,61,Atomic
17.55841,46,4595,1,986,Linear HP Bar,0,0,3,2.8,99,60,Atomic
18.56898,45,4595,1,986,Linear HP Bar,0,0,3,3.4,100,61,Atomic
19.57957,44,4595,1,986,Linear HP Bar,0,0,3,3.93333333333333,100,61,Atomic
20.59011,43,4595,1,986,Linear HP Bar,0,0,3,4.33333333333333,100,61,Atomic
21.60274,42,4595,1,986,Linear HP Bar,0,0,3,4.66666666666667,100,61,Atomic
22.6081,41,4595,1,986,Linear HP Bar,0,0,3,4.86666666666667,100,60,Atomic
23.6204,40,4595,1,986,Linear HP Bar,0,0,3,5,100,61,Atomic
24.75979,39,4595,1,983,Linear HP Bar,3,0,3,5,100,59,Atomic
25.77625,38,4595,1,983,Linear HP Bar,0,0,3,5,100,61,Atomic
26.7868,37,4595,1,983,Linear HP Bar,0,0,3,5,100,61,Atomic
1.760465,60,7880,1,1000,Linear HP Bar,0,0,7,2.51428571428571,17,3,Atomic
2.776248,59,7880,1,998,Linear HP Bar,2,0,6,3,19,57,Atomic
3.788001,58,7880,1,997,Linear HP Bar,1,4,4,4,20,60,Atomic
4.798569,57,7880,1,997,Linear HP Bar,0,5,2,1.825,19,61,Atomic
5.809131,56,7880,1,997,Linear HP Bar,0,3,0,0,25,61,Atomic
6.820137,55,7880,1,997,Linear HP Bar,0,3,0,0,28,61,Atomic
7.830466,54,7880,1,997,Linear HP Bar,0,0,0,0,31,61,Atomic
2.094839,60,4928,1,1000,Linear HP Bar,0,0,7,2.45714285714286,17,3,Atomic
3.096376,59,4928,1,999,Linear HP Bar,1,0,6,2.96666666666667,20,60,Atomic
4.107019,58,4928,1,999,Linear HP Bar,0,5,1,2,18,61,Atomic
5.110453,57,4928,1,999,Linear HP Bar,0,0,0,0,22,60,Atomic
6.121015,56,4928,1,999,Linear HP Bar,0,0,2,1.55,26,61,Atomic
7.132004,55,4928,1,987,Linear HP Bar,12,6,2,1.9,30,61,Atomic
8.14218,54,4928,1,987,Linear HP Bar,0,5,5,3.6,31,61,Atomic
9.152722,53,4928,1,973,Linear HP Bar,14,6,3,3.05,33,61,Atomic
10.16494,52,4928,1,972,Linear HP Bar,1,4,2,1.8,30,60,Atomic
11.1755,51,4928,1,972,Linear HP Bar,0,2,1,5,30,61,Atomic
12.18611,50,4928,1,972,Linear HP Bar,0,4,1,5,30,61,Atomic
13.19664,49,4928,1,951,Linear HP Bar,21,3,7,4.57857142857143,30,61,Atomic
14.2072,48,4928,1,947,Linear HP Bar,4,8,5,2.4,35,61,Atomic
15.21724,47,4928,1,947,Linear HP Bar,0,5,0,0,31,60,Atomic
16.2278,46,4928,1,947,Linear HP Bar,0,3,5,3.60000000000001,31,61,Atomic
17.24134,45,4928,1,930,Linear HP Bar,17,5,4,4.20000000000001,30,61,Atomic
18.25207,44,4928,1,869,Linear HP Bar,61,2,11,4.40454545454546,29,61,Atomic
19.26402,43,4928,1,833,Linear HP Bar,36,4,3,4.21666666666667,31,61,Atomic
20.2765,42,4928,1,832,Linear HP Bar,1,0,6,3.34166666666667,32,60,Atomic
21.28677,41,4928,1,782,Linear HP Bar,50,0,5,3.65,34,61,Atomic
22.29751,40,4928,1,755,Linear HP Bar,27,0,7,3.37857142857143,36,61,Atomic
23.30789,39,4928,1,694,Linear HP Bar,61,0,7,3.77857142857143,39,61,Atomic
24.31301,38,4928,1,634,Linear HP Bar,60,0,7,4.12142857142857,40,60,Atomic
25.32365,37,4928,1,573,Linear HP Bar,61,0,9,3.80555555555556,44,61,Atomic
26.3355,36,4928,1,511,Linear HP Bar,62,0,10,3.925,46,60,Atomic
27.34522,35,4928,1,449,Linear HP Bar,62,0,12,3.75416666666667,50,61,Atomic
28.3604,34,4928,1,336,Linear HP Bar,113,0,14,3.675,54,61,Atomic
30.20531,33,4928,1,284,Linear HP Bar,52,0,14,3.875,55,110,Atomic
1.493675,60,879,1,1000,Linear HP Bar,0,0,6,2.73333333333333,17,3,Atomic
2.496218,59,879,1,1000,Linear HP Bar,0,0,7,3.05714285714286,18,60,Atomic
3.506501,58,879,1,1000,Linear HP Bar,0,3,4,4,18,61,Atomic
4.508173,57,879,1,999,Linear HP Bar,1,5,4,3.2,23,59,Atomic
5.519724,56,879,1,999,Linear HP Bar,0,6,2,2.5,22,61,Atomic
6.532822,55,879,1,999,Linear HP Bar,0,4,3,3.46666666666667,24,61,Atomic
7.544022,54,879,1,999,Linear HP Bar,0,4,0,0,25,61,Atomic
9.62009,53,879,1,999,Linear HP Bar,0,1,0,0,23,125,Atomic
10.63026,52,879,1,999,Linear HP Bar,0,1,7,3.40714285714286,28,61,Atomic
11.64071,51,879,1,987,Linear HP Bar,12,5,2,5,29,61,Atomic
12.65711,50,879,1,987,Linear HP Bar,0,1,2,5,26,61,Atomic
13.66788,49,879,1,944,Linear HP Bar,43,3,8,3.825,27,61,Atomic
14.67811,48,879,1,937,Linear HP Bar,7,10,6,4.375,31,60,Atomic
15.68867,47,879,1,937,Linear HP Bar,0,2,3,4.6,29,61,Atomic
16.70147,46,879,1,905,Linear HP Bar,32,3,14,4.43571428571429,30,61,Atomic
17.71217,45,879,1,843,Linear HP Bar,62,8,9,3.98333333333334,34,61,Atomic
18.71821,44,879,1,789,Linear HP Bar,54,7,7,3.8,32,60,Atomic
19.72263,43,879,1,786,Linear HP Bar,3,5,4,4,32,60,Atomic
20.73542,42,879,1,786,Linear HP Bar,0,5,2,3.6,33,61,Atomic
21.74563,41,879,1,786,Linear HP Bar,0,0,7,3.2,32,61,Atomic
22.7562,40,879,1,786,Linear HP Bar,0,3,7,2.74285714285714,34,61,Atomic
23.76893,39,879,1,786,Linear HP Bar,0,3,7,2.62857142857143,40,61,Atomic
24.77957,38,879,1,786,Linear HP Bar,0,2,5,3.36,40,60,Atomic
25.79041,37,879,1,786,Linear HP Bar,0,1,7,3.14285714285714,42,61,Atomic
26.80124,36,879,1,786,Linear HP Bar,0,8,4,2.9,46,61,Atomic
27.81143,35,879,1,786,Linear HP Bar,0,7,5,3.28,48,61,Atomic
28.82183,34,879,1,786,Linear HP Bar,0,5,4,2.7,52,61,Atomic
29.82732,33,879,1,758,Linear HP Bar,28,0,13,3.74230769230769,58,60,Atomic
30.83804,32,879,1,604,Linear HP Bar,154,0,20,4.7,64,61,Atomic
31.84843,31,879,1,421,Linear HP Bar,183,0,20,5.02,69,61,Atomic
32.8516,30,879,1,201,Linear HP Bar,220,0,24,5.0125,73,60,Atomic
33.76634,29,879,1,100,Linear HP Bar,1002,102,24,5.0125,73,60,Death
37.09616,60,879,2,1000,Linear HP Bar,0,0,4,2.8,5,3,Atomic
38.10672,59,879,2,1000,Linear HP Bar,0,0,6,2.7,11,61,Atomic
39.11706,58,879,2,999,Linear HP Bar,1,2,5,3.72,12,60,Atomic
40.12776,57,879,2,999,Linear HP Bar,0,7,1,2.8,13,61,Atomic
41.13821,56,879,2,999,Linear HP Bar,0,2,1,3.6,15,61,Atomic
42.14877,55,879,2,999,Linear HP Bar,0,4,0,0,15,61,Atomic
43.15932,54,879,2,999,Linear HP Bar,0,0,3,1.46666666666667,22,61,Atomic
1.335525,60,8679,2,1000,Linear HP Bar,0,0,4,2.8,5,3,Atomic
2.351804,59,8679,2,1000,Linear HP Bar,0,1,5,3,9,61,Atomic
3.362641,58,8679,2,988,Linear HP Bar,12,6,6,2.3,9,61,Atomic
4.372943,57,8679,2,979,Linear HP Bar,9,3,6,2.56666666666667,11,61,Atomic
5.387648,56,8679,2,923,Linear HP Bar,56,0,11,2.45454545454546,15,60,Atomic
6.398838,55,8679,2,859,Linear HP Bar,64,0,16,2.6375,21,61,Atomic
7.988614,55,8679,2,831,Linear HP Bar,28,0,17,2.72941176470588,23,96,Atomic
8.999272,54,8679,2,709,Linear HP Bar,122,0,21,3.1047619047619,27,61,Atomic
1.059937,60,8219,2,1000,Linear HP Bar,0,0,4,2.8,5,3,Atomic
2.067251,59,8219,2,1000,Linear HP Bar,0,2,6,2.73333333333333,6,60,Atomic
3.077491,58,8219,2,948,Linear HP Bar,52,2,9,2.62222222222222,11,61,Atomic
4.008657,60,8219,2,1000,Linear HP Bar,0,0,4,2.8,5,3,Atomic
5.02043,59,8219,2,1000,Linear HP Bar,0,0,6,2.7,9,61,Atomic
6.03082,58,8219,2,1000,Linear HP Bar,0,0,6,3.43333333333333,11,61,Atomic
1.011295,60,7330,2,1000,Linear HP Bar,0,0,4,2.8,5,7,Atomic
2.011651,59,7330,2,1000,Linear HP Bar,0,2,4,3.2,9,60,Atomic
3.022768,58,7330,2,991,Linear HP Bar,9,6,4,2.15,8,61,Atomic
4.482119,57,7330,2,991,Linear HP Bar,0,4,1,1.6,3,88,Atomic
4.518756,60,7330,2,1000,Linear HP Bar,0,0,4,2.8,5,3,Atomic
5.529981,59,7330,2,1000,Linear HP Bar,0,1,3,3.53333333333333,7,60,Atomic
6.540548,58,7330,2,1000,Linear HP Bar,0,5,3,2,8,61,Atomic
8.031549,58,7330,2,1000,Linear HP Bar,0,3,1,1.2,4,90,Atomic
1.435574,60,434,2,1000,Linear HP Bar,0,0,4,2.8,5,3,Atomic
2.442821,59,434,2,999,Linear HP Bar,1,0,6,2.73333333333333,9,59,Atomic
3.917244,59,434,2,999,Linear HP Bar,0,0,6,2.93333333333333,9,89,Atomic
3.954578,60,434,2,1000,Linear HP Bar,0,0,4,2.8,5,3,Atomic
4.965147,59,434,2,1000,Linear HP Bar,0,0,5,2.96,9,61,Atomic
6.555546,58,434,2,1000,Linear HP Bar,0,0,7,3.11428571428572,12,96,Atomic
6.592113,60,434,2,1000,Linear HP Bar,0,0,4,2.8,5,3,Atomic
7.603241,59,434,2,1000,Linear HP Bar,0,0,4,3.4,8,61,Atomic
1.00238,60,5357,2,1000,Linear HP Bar,0,0,4,3,5,28,Atomic
2.080549,59,5357,2,1000,Linear HP Bar,0,0,5,2.8,9,65,Atomic
1.008659,60,4766,2,1000,Linear HP Bar,0,0,4,2.8,5,13,Atomic
2.021495,59,4766,2,1000,Linear HP Bar,0,1,6,2.9,10,61,Atomic
3.032069,58,4766,2,1000,Linear HP Bar,0,8,0,0,8,61,Atomic
3.997045,60,4766,2,1000,Linear HP Bar,0,0,4,2.8,5,3,Atomic
5.010514,59,4766,2,1000,Linear HP Bar,0,0,5,2.96,10,61,Atomic
6.01306,58,4766,2,1000,Linear HP Bar,0,3,3,3.2,10,60,Atomic
7.028459,57,4766,2,1000,Linear HP Bar,0,3,1,2.8,12,61,Atomic
7.067415,60,4766,2,1000,Linear HP Bar,0,0,4,2.8,5,3,Atomic
8.078679,59,4766,2,1000,Linear HP Bar,0,1,4,3,8,61,Atomic
9.089252,58,4766,2,1000,Linear HP Bar,0,3,3,2.66666666666667,9,61,Atomic
10.10332,60,4766,2,1000,Linear HP Bar,0,0,4,2.8,5,3,Atomic
11.11934,59,4766,2,1000,Linear HP Bar,0,0,7,2.51428571428571,11,60,Atomic
12.12934,58,4766,2,999,Linear HP Bar,1,0,7,3.25714285714286,12,61,Atomic
13.13991,57,4766,2,942,Linear HP Bar,57,0,10,3.12,16,61,Atomic
14.1506,56,4766,2,881,Linear HP Bar,61,0,12,3.33333333333333,23,61,Atomic
15.16177,55,4766,2,820,Linear HP Bar,61,1,11,3.96363636363636,25,60,Atomic
16.17233,54,4766,2,781,Linear HP Bar,39,0,3,2.25,33,61,Atomic
17.1829,53,4766,2,781,Linear HP Bar,0,0,0,0,37,61,Atomic
17.818,60,4766,2,1000,Linear HP Bar,0,0,4,2.8,5,3,Atomic
18.83208,59,4766,2,1000,Linear HP Bar,0,0,6,2.7,8,61,Atomic
19.85054,58,4766,2,999,Linear HP Bar,1,0,6,3.43333333333333,10,61,Atomic
20.86136,57,4766,2,978,Linear HP Bar,21,0,7,3.71428571428572,13,61,Atomic
21.87168,56,4766,2,917,Linear HP Bar,61,0,9,3.64444444444445,17,61,Atomic
22.88225,55,4766,2,856,Linear HP Bar,61,0,11,3.6,22,61,Atomic
23.89281,54,4766,2,795,Linear HP Bar,61,1,11,3.90909090909091,25,61,Atomic
24.90853,53,4766,2,744,Linear HP Bar,51,0,3,3.66666666666667,27,61,Atomic
25.91935,52,4766,2,744,Linear HP Bar,0,0,0,0,36,61,Atomic
26.92966,51,4766,2,744,Linear HP Bar,0,0,0,0,41,61,Atomic
27.94023,50,4766,2,744,Linear HP Bar,0,0,0,0,48,61,Atomic
28.95082,49,4766,2,744,Linear HP Bar,0,0,0,0,52,61,Atomic
29.96261,48,4766,2,744,Linear HP Bar,0,0,0,0,62,61,Atomic
31.17244,47,4766,2,744,Linear HP Bar,0,0,0,0,63,73,Atomic
1.388213,60,5599,2,1000,Linear HP Bar,0,0,4,2.8,5,3,Atomic
2.389483,59,5599,2,1000,Linear HP Bar,0,1,7,2.51428571428572,8,60,Atomic
3.400053,58,5599,2,1000,Linear HP Bar,0,6,3,1.93333333333333,8,61,Atomic
4.281516,60,5599,2,1000,Linear HP Bar,0,0,4,2.8,5,3,Atomic
5.292785,59,5599,2,1000,Linear HP Bar,0,0,7,2.51428571428571,11,61,Atomic
6.557167,58,5599,2,999,Linear HP Bar,1,7,3,3.06666666666667,9,75,Atomic
1.87793,60,246,2,1000,Linear HP Bar,0,0,4,2.8,5,3,Atomic
2.88712,59,246,2,1000,Linear HP Bar,0,1,4,3,6,60,Atomic
3.897688,58,246,2,1000,Linear HP Bar,0,5,3,2.66666666666667,7,61,Atomic
5.272721,57,246,2,1000,Linear HP Bar,0,6,0,0,5,83,Atomic
1.728619,60,3832,2,1000,Linear HP Bar,0,0,4,2.8,5,3,Atomic
2.740447,59,3832,2,1000,Linear HP Bar,0,1,6,2.7,7,60,Atomic
4.903554,60,3832,2,1000,Linear HP Bar,0,0,4,2.8,5,3,Atomic
5.915025,59,3832,2,1000,Linear HP Bar,0,2,7,2.51428571428571,9,61,Atomic
6.925592,58,3832,2,1000,Linear HP Bar,0,5,3,2.6,8,61,Atomic
7.936204,57,3832,2,1000,Linear HP Bar,0,8,1,1.4,3,61,Atomic
8.94679,56,3832,2,1000,Linear HP Bar,0,2,0,0,3,61,Atomic
9.164502,60,5508,2,1000,Linear HP Bar,0,0,4,2.8,5,3,Atomic
10.16567,59,5508,2,1000,Linear HP Bar,0,1,6,2.7,9,60,Atomic
11.17655,58,5508,2,1000,Linear HP Bar,0,4,2,3,7,61,Atomic
12.40217,57,5508,2,1000,Linear HP Bar,0,1,3,3,12,74,Atomic
19.65747,60,5508,2,1000,Linear HP Bar,0,0,4,2.8,5,3,Atomic
20.71885,59,5508,2,1000,Linear HP Bar,0,0,7,2.48571428571429,8,64,Atomic
2.365725,60,2008,2,1000,Linear HP Bar,0,0,4,2.8,5,3,Atomic
1.001801,60,8940,1,1000,Linear HP Bar,0,0,6,2.6,17,16,Atomic
2.013627,59,8940,1,1000,Linear HP Bar,0,3,6,3.1,19,61,Atomic
5.335214,60,8940,2,1000,Linear HP Bar,0,0,4,2.8,5,3,Atomic
6.346415,59,8940,2,1000,Linear HP Bar,0,3,6,1.9,8,61,Atomic
8.003631,58,8940,2,1000,Linear HP Bar,0,6,1,1.8,3,100,Atomic
7.825446,60,1883,2,1000,Linear HP Bar,0,0,4,2.8,5,3,Atomic
8.827963,59,1883,2,1000,Linear HP Bar,0,0,4,3.4,6,60,Atomic
8.653459,60,4719,2,1000,Linear HP Bar,0,0,4,2.8,5,3,Atomic
9.654595,59,4719,2,1000,Linear HP Bar,0,0,4,3.4,7,60,Atomic
1.763559,60,6003,1,1000,Offset HP Bar,0,0,4,2.5,5,3,Atomic
2.778055,59,6003,1,996,Offset HP Bar,4,0,4,2.9,5,61,Atomic
3.784024,58,6003,1,995,Offset HP Bar,1,0,0,0,5,60,Atomic
4.799138,57,6003,1,995,Offset HP Bar,0,0,0,0,8,62,Atomic
5.814769,56,6003,1,995,Offset HP Bar,0,0,0,0,9,62,Atomic
6.81867,55,6003,1,995,Offset HP Bar,0,0,0,0,11,61,Atomic
7.83121,54,6003,1,995,Offset HP Bar,0,0,0,0,11,63,Atomic
8.847407,53,6003,1,995,Offset HP Bar,0,0,0,0,14,54,Atomic
9.852486,52,6003,1,995,Offset HP Bar,0,0,0,0,16,62,Atomic
10.85414,51,6003,1,995,Offset HP Bar,0,0,0,0,20,62,Atomic
11.85734,50,6003,1,995,Offset HP Bar,0,0,0,0,21,63,Atomic
12.87169,49,6003,1,995,Offset HP Bar,0,0,0,0,22,65,Atomic
13.88589,48,6003,1,995,Offset HP Bar,0,0,0,0,24,63,Atomic
14.88827,47,6003,1,995,Offset HP Bar,0,0,0,0,29,57,Atomic
15.89677,46,6003,1,995,Offset HP Bar,0,0,0,0,35,60,Atomic
16.91126,45,6003,1,995,Offset HP Bar,0,0,0,0,36,62,Atomic
17.91721,44,6003,1,995,Offset HP Bar,0,0,0,0,41,59,Atomic
18.92053,43,6003,1,995,Offset HP Bar,0,0,0,0,41,59,Atomic
19.92513,42,6003,1,995,Offset HP Bar,0,0,0,0,42,62,Atomic
20.93207,41,6003,1,995,Offset HP Bar,0,0,0,0,42,62,Atomic
21.94835,40,6003,1,995,Offset HP Bar,0,0,0,0,43,63,Atomic
22.94904,39,6003,1,995,Offset HP Bar,0,0,0,0,43,60,Atomic
23.95674,38,6003,1,995,Offset HP Bar,0,0,0,0,43,61,Atomic
24.9641,37,6003,1,995,Offset HP Bar,0,0,0,0,43,60,Atomic
25.96445,36,6003,1,995,Offset HP Bar,0,0,0,0,43,60,Atomic
26.97263,35,6003,1,995,Offset HP Bar,0,0,0,0,43,61,Atomic
27.97452,34,6003,1,995,Offset HP Bar,0,0,0,0,43,57,Atomic
28.98556,33,6003,1,995,Offset HP Bar,0,0,0,0,43,59,Atomic
29.99369,32,6003,1,995,Offset HP Bar,0,0,0,0,43,60,Atomic
30.99393,31,6003,1,995,Offset HP Bar,0,0,0,0,43,61,Atomic
32.00367,30,6003,1,995,Offset HP Bar,0,0,0,0,43,54,Atomic
33.01656,29,6003,1,995,Offset HP Bar,0,0,0,0,43,60,Atomic
34.01673,28,6003,1,995,Offset HP Bar,0,0,0,0,43,54,Atomic
35.02998,27,6003,1,995,Offset HP Bar,0,0,0,0,43,62,Atomic
36.0392,26,6003,1,995,Offset HP Bar,0,0,0,0,43,62,Atomic
37.05315,25,6003,1,995,Offset HP Bar,0,0,0,0,43,53,Atomic
38.05628,24,6003,1,995,Offset HP Bar,0,0,0,0,43,57,Atomic
39.07061,23,6003,1,995,Offset HP Bar,0,0,0,0,43,57,Atomic
40.07476,22,6003,1,995,Offset HP Bar,0,0,0,0,43,48,Atomic
41.08131,21,6003,1,995,Offset HP Bar,0,0,0,0,43,51,Atomic
42.09173,20,6003,1,995,Offset HP Bar,0,0,0,0,43,56,Atomic
43.09521,19,6003,1,995,Offset HP Bar,0,0,0,0,43,56,Atomic
44.11013,18,6003,1,995,Offset HP Bar,0,0,0,0,43,52,Atomic
45.12773,17,6003,1,995,Offset HP Bar,0,0,0,0,43,54,Atomic
46.14175,16,6003,1,995,Offset HP Bar,0,0,0,0,43,53,Atomic
47.1549,15,6003,1,995,Offset HP Bar,0,0,0,0,43,58,Atomic
1.849512,60,8716,1,999,Offset HP Bar,1,0,4,2.5,5,14,Atomic
2.852086,59,8716,1,998,Offset HP Bar,1,0,1,2.4,5,64,Atomic
3.853732,58,8716,1,974,Offset HP Bar,24,0,5,3.4,5,60,Atomic
4.865592,57,8716,1,948,Offset HP Bar,26,0,5,3.28,10,60,Atomic
5.868655,56,8716,1,930,Offset HP Bar,18,5,0,0,8,59,Atomic
6.879813,55,8716,1,930,Offset HP Bar,0,1,0,0,9,64,Atomic
7.883179,54,8716,1,930,Offset HP Bar,0,0,0,0,9,70,Atomic
8.887888,53,8716,1,930,Offset HP Bar,0,0,1,1.6,12,62,Atomic
9.902967,52,8716,1,930,Offset HP Bar,0,0,1,2,14,61,Atomic
4.676566,60,8214,1,998,Offset HP Bar,2,0,4,2.5,5,14,Atomic
5.685122,59,8214,1,998,Offset HP Bar,0,0,1,2.4,5,63,Atomic
6.690504,58,8214,1,998,Offset HP Bar,0,0,1,3,5,62,Atomic
7.706984,57,8214,1,998,Offset HP Bar,0,0,2,2.4,7,61,Atomic
8.717213,56,8214,1,998,Offset HP Bar,0,0,3,2.4,11,65,Atomic
9.724492,55,8214,1,998,Offset HP Bar,0,0,3,2.8,11,61,Atomic
10.72526,54,8214,1,998,Offset HP Bar,0,0,3,3.4,11,62,Atomic
11.73845,53,8214,1,959,Offset HP Bar,39,0,5,2.72,14,60,Atomic
12.74382,52,8214,1,901,Offset HP Bar,58,0,7,2.71428571428571,20,58,Atomic
13.75616,51,8214,1,841,Offset HP Bar,60,0,7,3.05714285714286,20,60,Atomic
14.77271,50,8214,1,780,Offset HP Bar,61,0,7,3.57142857142857,20,59,Atomic
15.77867,49,8214,1,703,Offset HP Bar,77,0,6,2.9,24,62,Atomic
16.78382,48,8214,1,698,Offset HP Bar,5,1,0,0,26,64,Atomic
17.78874,47,8214,1,698,Offset HP Bar,0,0,1,1.6,30,60,Atomic
18.80196,46,8214,1,698,Offset HP Bar,0,0,1,2,32,58,Atomic
19.80866,45,8214,1,698,Offset HP Bar,0,0,1,2.6,33,58,Atomic
20.81947,44,8214,1,698,Offset HP Bar,0,0,1,3,36,60,Atomic
21.83004,43,8214,1,698,Offset HP Bar,0,0,1,3.6,39,61,Atomic
22.83019,42,8214,1,698,Offset HP Bar,0,0,1,4,40,60,Atomic
23.8425,41,8214,1,698,Offset HP Bar,0,0,1,4.6,40,63,Atomic
24.84714,40,8214,1,698,Offset HP Bar,0,0,1,5,40,59,Atomic
25.85152,39,8214,1,698,Offset HP Bar,0,0,2,3.3,42,62,Atomic
26.85857,38,8214,1,698,Offset HP Bar,0,0,2,3.5,42,61,Atomic
27.86023,37,8214,1,697,Offset HP Bar,1,0,2,3.7,42,59,Atomic
28.8674,36,8214,1,697,Offset HP Bar,0,0,2,4,44,61,Atomic
29.87202,35,8214,1,697,Offset HP Bar,0,0,2,4.2,45,60,Atomic
30.88141,34,8214,1,697,Offset HP Bar,0,0,2,4.5,46,59,Atomic
31.8935,33,8214,1,697,Offset HP Bar,0,0,2,4.7,46,61,Atomic
32.90796,32,8214,1,697,Offset HP Bar,0,0,2,5,46,63,Atomic
33.91672,31,8214,1,696,Offset HP Bar,1,0,2,5,46,61,Atomic
34.91904,30,8214,1,696,Offset HP Bar,0,0,2,5,46,60,Atomic
35.92358,29,8214,1,696,Offset HP Bar,0,0,2,5,46,62,Atomic
36.93419,28,8214,1,696,Offset HP Bar,0,0,0,0,46,62,Atomic
37.94292,27,8214,1,696,Offset HP Bar,0,0,0,0,46,61,Atomic
38.94867,26,8214,1,696,Offset HP Bar,0,0,0,0,46,66,Atomic
39.96011,25,8214,1,696,Offset HP Bar,0,0,0,0,46,72,Atomic
40.96194,24,8214,1,696,Offset HP Bar,0,0,0,0,46,67,Atomic
41.96743,23,8214,1,696,Offset HP Bar,0,0,0,0,46,61,Atomic
42.96961,22,8214,1,696,Offset HP Bar,0,0,0,0,46,59,Atomic
43.9756,21,8214,1,696,Offset HP Bar,0,0,0,0,46,58,Atomic
44.98451,20,8214,1,696,Offset HP Bar,0,0,0,0,46,60,Atomic
45.99767,19,8214,1,696,Offset HP Bar,0,0,0,0,46,60,Atomic
47.00615,18,8214,1,696,Offset HP Bar,0,0,0,0,46,60,Atomic
48.0063,17,8214,1,696,Offset HP Bar,0,0,0,0,46,60,Atomic
49.00847,16,8214,1,696,Offset HP Bar,0,0,0,0,46,57,Atomic
50.01721,15,8214,1,696,Offset HP Bar,0,0,0,0,46,58,Atomic
51.04333,14,8214,1,696,Offset HP Bar,0,0,0,0,46,59,Atomic
52.04792,13,8214,1,696,Offset HP Bar,0,0,0,0,46,43,Atomic
53.04871,12,8214,1,696,Offset HP Bar,0,0,0,0,46,49,Atomic
54.05712,11,8214,1,696,Offset HP Bar,0,0,0,0,46,47,Atomic
55.05751,10,8214,1,696,Offset HP Bar,0,0,0,0,46,49,Atomic
3.778399,60,6757,1,999,Linear HP Bar,1,0,4,2.5,5,13,Atomic
4.792232,59,6757,1,999,Linear HP Bar,0,0,4,2.9,5,61,Atomic
5.7955,58,6757,1,999,Linear HP Bar,0,0,0,0,5,61,Atomic
6.805489,57,6757,1,1000,Linear HP Bar,0,0,0,0,10,62,Atomic
7.807621,56,6757,1,1000,Linear HP Bar,0,0,0,0,11,60,Atomic
8.818956,55,6757,1,1000,Linear HP Bar,0,0,0,0,11,57,Atomic
9.833204,54,6757,1,1000,Linear HP Bar,0,0,0,0,12,64,Atomic
10.8469,53,6757,1,1000,Linear HP Bar,0,0,0,0,13,61,Atomic
5.405676,60,1071,1,998,Linear HP Bar,2,0,4,2.5,5,14,Atomic
6.414754,59,1071,1,998,Linear HP Bar,0,0,0,0,5,63,Atomic
7.420368,58,1071,1,990,Linear HP Bar,8,0,3,3.66666666666667,5,60,Atomic
8.421986,57,1071,1,989,Linear HP Bar,1,0,3,2.06666666666667,9,60,Atomic
2.014868,60,6938,1,999,Linear HP Bar,1,0,4,2.5,5,20,Atomic
3.015047,59,6938,1,1000,Linear HP Bar,0,0,2,2.4,5,64,Atomic
4.028109,58,6938,1,1000,Linear HP Bar,0,0,1,3,4,60,Atomic
5.040889,57,6938,1,1000,Linear HP Bar,0,1,2,2.4,5,60,Atomic
6.051387,56,6938,1,1000,Linear HP Bar,0,2,0,0,1,59,Atomic
6.927446,55,6938,1,1000,Linear HP Bar,1,3,0,0,1,59,Victory
1.820702,60,3711,1,998,Exponential HP Bar,2,0,4,2.5,5,14,Atomic
2.837152,59,3711,1,997,Exponential HP Bar,1,0,3,3.06666666666667,5,63,Atomic
3.850407,58,3711,1,997,Offset HP Bar,0,0,1,3,5,61,Atomic
4.866918,57,3711,1,997,Offset HP Bar,0,0,2,2.4,10,61,Atomic
5.867282,56,3711,1,997,Offset HP Bar,0,0,2,3,10,60,Atomic
2.429645,60,3512,1,997,Offset HP Bar,3,0,4,2.5,5,12,Atomic
3.42993,59,3512,1,995,Offset HP Bar,2,0,4,2.9,5,61,Atomic
4.434739,58,3512,1,990,Offset HP Bar,5,0,4,3.5,5,61,Atomic
5.437906,57,3512,1,931,Offset HP Bar,59,0,4,3.8,7,60,Atomic
6.440041,56,3512,1,871,Offset HP Bar,60,0,6,3.36666666666667,11,60,Atomic
2.715524,60,4980,1,997,Offset HP Bar,3,0,4,2.5,5,14,Atomic
3.730196,59,4980,1,996,Offset HP Bar,1,0,4,2.9,5,60,Atomic
4.735375,58,4980,1,995,Offset HP Bar,1,3,1,3,4,62,Atomic
5.745173,57,4980,1,995,Offset HP Bar,0,0,1,3.4,6,61,Atomic
2.214181,60,3848,1,998,Offset HP Bar,2,0,4,2.5,5,14,Atomic
3.214332,59,3848,1,997,Offset HP Bar,1,0,4,2.9,5,61,Atomic
4.228724,58,3848,1,997,Offset HP Bar,0,1,3,3.66666666666667,4,63,Atomic
1.699434,60,4879,1,998,Offset HP Bar,2,0,4,2.5,5,13,Atomic
2.704669,59,4879,1,997,Offset HP Bar,1,1,3,3.06666666666667,4,63,Atomic
3.718878,58,4879,1,997,Offset HP Bar,0,3,0,0,4,63,Atomic
4.719786,57,4879,1,997,Offset HP Bar,0,0,1,1.4,7,62,Atomic
5.727262,56,4879,1,997,Offset HP Bar,0,0,3,1.66666666666667,11,63,Atomic
6.931156,60,9081,1,998,Offset HP Bar,2,0,4,2.5,5,16,Atomic
1.939458,60,4486,1,998,Offset HP Bar,2,0,4,2.5,5,11,Atomic
2.944862,59,4486,1,997,Offset HP Bar,1,0,4,2.9,5,67,Atomic
3.953155,58,4486,1,992,Offset HP Bar,5,0,4,3.5,5,62,Atomic
4.957978,57,4486,1,938,Offset HP Bar,54,0,5,3.28,8,64,Atomic
5.959335,56,4486,1,883,Offset HP Bar,55,0,7,3.14285714285714,12,58,Atomic
6.975125,55,4486,1,824,Offset HP Bar,59,0,7,3.48571428571429,12,62,Atomic
1.639236,60,6547,1,998,Offset HP Bar,2,0,4,2.5,5,15,Atomic
2.64778,59,6547,1,997,Offset HP Bar,1,1,3,3.06666666666667,5,63,Atomic
3.655905,58,6547,1,966,Offset HP Bar,31,3,1,3,3,67,Atomic
4.670697,57,6547,1,966,Offset HP Bar,0,1,0,0,1,68,Atomic
4.720362,57,6547,1,966,Offset HP Bar,34,5,0,0,1,68,Victory
7.012374,57,6547,1,966,Offset HP Bar,0,0,0,0,0,158,Atomic
7.278906,60,6547,1,998,Offset HP Bar,2,0,4,2.5,5,14,Atomic
8.289953,59,6547,1,980,Offset HP Bar,18,0,5,2.8,5,65,Atomic
9.301429,58,6547,1,868,Offset HP Bar,112,0,5,3.4,5,63,Atomic
10.30865,57,6547,1,746,Offset HP Bar,122,0,7,3.02857142857143,7,62,Atomic
11.32094,56,6547,1,618,Offset HP Bar,128,0,10,2.92,10,59,Atomic
12.32745,55,6547,1,460,Offset HP Bar,158,0,9,3.4,10,61,Atomic
13.33573,54,6547,1,335,Offset HP Bar,125,0,11,3.47272727272727,12,62,Atomic
14.34149,53,6547,1,226,Offset HP Bar,109,0,8,3.825,14,60,Atomic
15.34167,52,6547,1,116,Offset HP Bar,110,0,10,3.46,17,61,Atomic
16.36907,51,6547,1,-8,Offset HP Bar,124,0,12,3.38333333333333,19,58,Atomic
16.43655,51,6547,1,-8,Offset HP Bar,1008,1,12,3.38333333333333,19,58,Death
19.01821,60,6547,1,999,Offset HP Bar,1,0,4,2.5,5,10,Atomic
20.02597,59,6547,1,985,Offset HP Bar,14,0,5,2.8,5,65,Atomic
21.03996,58,6547,1,927,Offset HP Bar,58,0,5,3.4,5,65,Atomic
1.871268,60,3185,1,998,Offset HP Bar,2,0,4,2.5,5,14,Atomic
2.878121,59,3185,1,997,Offset HP Bar,1,0,4,2.9,5,68,Atomic
3.894853,58,3185,1,996,Offset HP Bar,1,0,0,0,5,63,Atomic
4.909038,57,3185,1,942,Offset HP Bar,54,0,9,2.66666666666667,9,62,Atomic
5.91754,56,3185,1,821,Offset HP Bar,121,0,11,2.85454545454545,12,61,Atomic
6.926944,55,3185,1,683,Offset HP Bar,138,0,11,3.21818181818182,12,62,Atomic
7.927166,54,3185,1,504,Offset HP Bar,179,0,11,3.58181818181818,12,62,Atomic
2.022979,60,8077,1,998,Offset HP Bar,2,0,4,2.5,5,13,Atomic
3.031717,59,8077,1,996,Offset HP Bar,2,0,4,2.9,5,66,Atomic
4.034512,58,8077,1,992,Offset HP Bar,4,0,4,3.5,5,61,Atomic
5.039734,57,8077,1,938,Offset HP Bar,54,0,6,3,11,63,Atomic
6.050022,56,8077,1,879,Offset HP Bar,59,0,7,3.22857142857143,12,63,Atomic
7.058063,55,8077,1,818,Offset HP Bar,61,0,8,3.425,12,62,Atomic
8.068964,54,8077,1,758,Offset HP Bar,60,0,6,3.76666666666667,12,62,Atomic
1.798824,60,1727,1,998,Offset HP Bar,2,0,4,2.5,5,12,Atomic
2.805754,59,1727,1,976,Offset HP Bar,22,0,5,2.8,5,63,Atomic
3.812327,58,1727,1,918,Offset HP Bar,58,0,5,3.4,5,61,Atomic
4.827694,57,1727,1,886,Offset HP Bar,32,5,1,1.2,3,61,Atomic
5.839512,56,1727,1,886,Offset HP Bar,0,1,0,0,3,61,Atomic
6.863646,55,1727,1,886,Offset HP Bar,0,0,0,0,3,60,Atomic
7.87542,54,1727,1,886,Offset HP Bar,0,0,0,0,3,59,Atomic
8.877783,53,1727,1,886,Offset HP Bar,0,0,0,0,5,60,Atomic
1.571857,60,2384,1,998,Offset HP Bar,2,0,4,2.5,5,13,Atomic
2.576283,59,2384,1,978,Offset HP Bar,20,1,4,2.9,5,61,Atomic
3.187222,58,2384,1,967,Offset HP Bar,33,5,4,2.9,5,61,Victory
2.605507,60,2065,1,997,Offset HP Bar,3,0,4,2.5,5,13,Atomic
3.609855,59,2065,1,996,Offset HP Bar,1,0,4,2.9,5,61,Atomic
4.613447,58,2065,1,994,Offset HP Bar,2,3,1,3,4,62,Atomic
4.280231,60,5298,1,998,Offset HP Bar,2,0,4,2.5,5,19,Atomic
5.280941,59,5298,1,997,Offset HP Bar,1,0,4,2.9,5,64,Atomic
6.290034,58,5298,1,994,Offset HP Bar,3,0,4,3.5,5,62,Atomic
2.123451,60,583,1,999,Offset HP Bar,1,0,4,2.5,5,16,Atomic
3.129148,59,583,1,999,Offset HP Bar,0,0,4,2.9,5,64,Atomic
6.5627,60,1060,1,998,Offset HP Bar,2,0,4,2.5,5,13,Atomic
7.573349,59,1060,1,997,Offset HP Bar,1,0,4,2.9,5,61,Atomic
1.924784,60,2040,1,998,Offset HP Bar,2,0,4,2.5,5,10,Atomic
2.940828,59,2040,1,997,Offset HP Bar,1,0,4,2.9,5,67,Atomic
3.948443,58,2040,1,994,Offset HP Bar,3,0,4,3.5,5,64,Atomic
4.949434,57,2040,1,969,Offset HP Bar,25,2,6,3,6,60,Atomic
5.952557,56,2040,1,888,Offset HP Bar,81,1,7,3.05714285714286,8,61,Atomic
6.953041,55,2040,1,757,Offset HP Bar,131,0,8,3.325,9,58,Atomic
7.962499,54,2040,1,579,Offset HP Bar,178,0,8,3.675,9,59,Atomic
8.975045,53,2040,1,397,Offset HP Bar,182,0,10,3.52,11,60,Atomic
1.973803,60,524,1,999,Offset HP Bar,1,0,4,2.5,5,12,Atomic
2.983397,59,524,1,998,Offset HP Bar,1,0,4,2.9,5,62,Atomic
2.021535,60,7859,1,999,Offset HP Bar,1,0,4,2.5,5,14,Atomic
3.026763,59,7859,1,998,Offset HP Bar,1,0,1,2.4,5,64,Atomic
4.043708,58,7859,1,980,Offset HP Bar,18,0,3,3.66666666666667,5,61,Atomic
5.04371,57,7859,1,934,Offset HP Bar,46,0,6,2.96666666666667,8,60,Atomic
1.52046,60,7983,1,998,Offset HP Bar,2,0,4,2.5,5,10,Atomic
2.534458,59,7983,1,972,Offset HP Bar,26,0,5,2.8,5,65,Atomic
3.543774,58,7983,1,912,Offset HP Bar,60,0,5,3.4,5,62,Atomic
4.554854,57,7983,1,857,Offset HP Bar,55,3,4,3.3,7,61,Atomic
5.568718,56,7983,1,856,Offset HP Bar,1,5,1,2,4,65,Atomic
6.574821,55,7983,1,856,Offset HP Bar,0,1,2,2.1,4,61,Atomic
7.580006,54,7983,1,856,Offset HP Bar,0,0,2,2.7,4,62,Atomic
8.583212,53,7983,1,843,Offset HP Bar,13,0,4,2.15,6,61,Atomic
9.587943,52,7983,1,784,Offset HP Bar,59,0,5,2.28,7,60,Atomic
10.60309,51,7983,1,724,Offset HP Bar,60,0,6,2.63333333333333,8,62,Atomic
11.60505,50,7983,1,662,Offset HP Bar,62,0,6,3.03333333333333,8,59,Atomic
12.61152,49,7983,1,591,Offset HP Bar,71,0,11,2.52727272727273,13,60,Atomic
13.61565,48,7983,1,471,Exponential HP Bar,120,0,11,2.87272727272727,13,59,Atomic
14.62115,47,7983,1,352,Exponential HP Bar,119,0,7,3.57142857142857,15,59,Atomic
15.63098,46,7983,1,347,Exponential HP Bar,5,0,2,2.8,16,60,Atomic
16.63301,45,7983,1,347,Linear HP Bar,0,0,3,2.66666666666667,21,60,Atomic
17.64392,44,7983,1,347,Linear HP Bar,0,0,4,2.65,24,61,Atomic
1.777029,60,1333,1,998,Offset HP Bar,2,0,4,2.5,5,14,Atomic
2.783219,59,1333,1,997,Offset HP Bar,1,0,4,2.9,5,62,Atomic
3.789144,58,1333,1,995,Offset HP Bar,2,0,4,3.5,5,62,Atomic
4.797672,57,1333,1,940,Offset HP Bar,55,0,6,2.96666666666667,10,61,Atomic
4.952332,60,5681,1,998,Offset HP Bar,2,0,4,2.5,5,215,Atomic
5.964074,59,5681,1,952,Offset HP Bar,46,0,5,2.8,5,58,Atomic
6.977962,58,5681,1,895,Offset HP Bar,57,0,4,3.5,5,59,Atomic
7.980121,57,5681,1,854,Offset HP Bar,41,0,7,3,7,58,Atomic
8.991044,56,5681,1,795,Offset HP Bar,59,0,7,3,10,58,Atomic
10.01152,55,5681,1,735,Offset HP Bar,60,3,7,3.45714285714286,11,59,Atomic
11.01318,54,5681,1,708,Offset HP Bar,27,2,3,3.2,9,61,Atomic
12.02059,53,5681,1,639,Offset HP Bar,69,1,5,3.56,10,57,Atomic
13.04036,52,5681,1,579,Offset HP Bar,60,0,8,3.6125,13,59,Atomic
14.04342,51,5681,1,456,Offset HP Bar,123,0,8,3.625,16,58,Atomic
15.05276,50,5681,1,349,Offset HP Bar,107,0,13,3.26923076923077,18,58,Atomic
16.06398,49,5681,1,194,Offset HP Bar,155,0,10,3.33,19,59,Atomic
2.205459,60,9574,1,998,Offset HP Bar,2,0,4,2.5,5,18,Atomic
3.210478,59,9574,1,986,Offset HP Bar,12,1,4,2.9,5,62,Atomic
3.949718,58,9574,1,966,Offset HP Bar,34,5,4,2.9,5,62,Victory
5.059415,58,9574,2,966,Offset HP Bar,20,4,0,0,0,109,Atomic
5.335651,60,9574,2,997,Offset HP Bar,3,0,6,2.66666666666667,17,17,Atomic
6.342205,59,9574,2,938,Offset HP Bar,59,3,4,3.25,17,59,Atomic
7.356383,58,9574,2,933,Offset HP Bar,5,3,2,3,15,59,Atomic
8.358055,57,9574,2,933,Offset HP Bar,0,3,0,0,13,59,Atomic
9.368005,56,9574,2,932,Offset HP Bar,1,2,2,2,13,59,Atomic
10.36889,55,9574,2,931,Offset HP Bar,1,2,2,5.05,12,58,Atomic
11.37212,54,9574,2,930,Offset HP Bar,1,1,2,5.05,11,59,Atomic
12.37733,53,9574,2,917,Offset HP Bar,13,5,1,2,12,58,Atomic
13.39193,52,9574,2,916,Offset HP Bar,1,1,1,4.30000000000001,11,59,Atomic
14.40646,51,9574,2,899,Offset HP Bar,17,5,4,3.8,10,57,Atomic
15.41754,50,9574,2,846,Offset HP Bar,53,3,5,3.04,7,59,Atomic
16.42492,49,9574,2,842,Offset HP Bar,4,6,4,1.75,8,61,Atomic
17.43333,48,9574,2,842,Offset HP Bar,0,4,0,0,3,61,Atomic
18.43657,47,9574,2,842,Offset HP Bar,0,1,2,1.85,3,60,Atomic
19.1392,46,9574,2,842,Offset HP Bar,158,41,2,1.85,3,60,Victory
20.04601,46,9574,3,842,Offset HP Bar,0,2,0,0,0,94,Atomic
20.46599,60,9574,3,1000,Offset HP Bar,0,0,0,0,20,26,Atomic
21.48071,59,9574,3,1000,Offset HP Bar,0,0,0,0,21,61,Atomic
22.49612,58,9574,3,978,Offset HP Bar,22,2,7,3.02857142857143,23,59,Atomic
23.50124,57,9574,3,955,Offset HP Bar,23,5,1,1.6,19,59,Atomic
24.50749,56,9574,3,933,Offset HP Bar,22,4,6,3.7,19,60,Atomic
25.51221,55,9574,3,877,Offset HP Bar,56,5,4,4.4,15,58,Atomic
26.52618,54,9574,3,856,Offset HP Bar,21,7,3,3.03333333333333,11,61,Atomic
27.52733,53,9574,3,855,Offset HP Bar,1,3,1,1.4,8,60,Atomic
28.53193,52,9574,3,855,Offset HP Bar,0,1,0,0,8,66,Atomic
29.53259,51,9574,3,855,Offset HP Bar,0,0,0,0,9,62,Atomic
30.54764,50,9574,3,855,Offset HP Bar,0,0,0,0,9,62,Atomic
31.5612,49,9574,3,855,Offset HP Bar,0,0,4,2.05,11,62,Atomic
32.56998,48,9574,3,806,Offset HP Bar,49,5,6,3.46666666666667,10,60,Atomic
33.57722,47,9574,3,743,Offset HP Bar,63,5,0,0,5,62,Atomic
34.58687,46,9574,3,743,Offset HP Bar,0,2,0,0,4,61,Atomic
35.59253,45,9574,3,743,Offset HP Bar,0,0,3,2.36666666666667,4,61,Atomic
36.60916,44,9574,3,743,Offset HP Bar,0,5,1,2,3,61,Atomic
37.25622,43,9574,3,743,Offset HP Bar,257,45,1,2,3,61,Victory
38.37206,43,9574,4,743,Offset HP Bar,0,1,0,0,0,104,Atomic
38.66895,60,9574,4,1000,Offset HP Bar,0,0,0,0,16,17,Atomic
39.68407,59,9574,4,1000,Offset HP Bar,0,0,0,0,17,64,Atomic
40.70083,58,9574,4,1000,Offset HP Bar,0,0,0,0,23,61,Atomic
41.70253,57,9574,4,980,Offset HP Bar,20,3,4,2.65,25,57,Atomic
42.70892,56,9574,4,978,Offset HP Bar,2,4,3,3.06666666666667,20,58,Atomic
43.7164,55,9574,4,901,Offset HP Bar,77,3,16,3.525,19,58,Atomic
44.73106,54,9574,4,716,Offset HP Bar,185,7,9,2.44444444444444,16,61,Atomic
45.73636,53,9574,4,659,Offset HP Bar,57,6,1,1.8,10,58,Atomic
46.74293,52,9574,4,646,Offset HP Bar,13,1,7,3.1,8,59,Atomic
47.74682,51,9574,4,638,Offset HP Bar,8,3,1,1.8,5,60,Atomic
48.7551,50,9574,4,608,Offset HP Bar,30,1,4,4.925,5,62,Atomic
49.76682,49,9574,4,579,Offset HP Bar,29,5,0,0,1,61,Atomic
50.32029,48,9574,4,579,Offset HP Bar,421,33,0,0,1,61,Victory
51.56009,48,9574,5,579,Offset HP Bar,0,0,0,0,0,112,Atomic
51.82143,60,9574,5,1000,Offset HP Bar,0,0,0,0,15,16,Atomic
52.82309,59,9574,5,1000,Offset HP Bar,0,0,0,0,17,63,Atomic
53.82373,58,9574,5,984,Offset HP Bar,16,1,4,3.35,20,58,Atomic
54.82744,57,9574,5,933,Offset HP Bar,51,9,2,1.6,20,58,Atomic
55.83059,56,9574,5,933,Offset HP Bar,0,2,1,1.6,16,60,Atomic
56.83275,55,9574,5,933,Offset HP Bar,0,2,0,0,20,60,Atomic
57.83715,54,9574,5,933,Offset HP Bar,0,0,0,0,21,60,Atomic
58.84121,53,9574,5,921,Offset HP Bar,12,1,6,3.66666666666667,24,61,Atomic
59.85141,52,9574,5,876,Offset HP Bar,45,9,1,1.6,20,60,Atomic
60.85357,51,9574,5,876,Offset HP Bar,0,1,0,0,19,59,Atomic
61.86469,50,9574,5,876,Offset HP Bar,0,0,0,0,19,60,Atomic
62.87191,49,9574,5,876,Offset HP Bar,0,0,0,0,20,56,Atomic
63.88309,48,9574,5,876,Offset HP Bar,0,0,0,0,22,59,Atomic
64.89326,47,9574,5,876,Offset HP Bar,0,1,4,3.1,24,60,Atomic
65.90066,46,9574,5,816,Offset HP Bar,60,5,14,4.31428571428571,24,58,Atomic
66.91376,45,9574,5,773,Offset HP Bar,43,7,3,3.8,19,59,Atomic
67.92312,44,9574,5,718,Offset HP Bar,55,3,3,4,14,59,Atomic
68.93333,43,9574,5,683,Offset HP Bar,35,5,3,4.66666666666667,12,59,Atomic
69.94764,42,9574,5,623,Offset HP Bar,60,8,2,5.05000000000001,12,60,Atomic
70.95705,41,9574,5,623,Offset HP Bar,0,3,1,1.7,4,59,Atomic
71.95927,40,9574,5,623,Offset HP Bar,0,1,0,0,3,58,Atomic
72.75515,39,9574,5,623,Offset HP Bar,377,58,0,0,3,58,Victory
74.00029,39,9574,6,623,Offset HP Bar,0,0,0,0,0,120,Atomic
74.30366,60,9574,6,999,Offset HP Bar,1,0,1,5,42,14,Atomic
75.30704,59,9574,6,990,Offset HP Bar,9,2,2,3.5,44,58,Atomic
76.32285,58,9574,6,960,Offset HP Bar,30,2,5,2.96,41,57,Atomic
77.333,57,9574,6,862,Offset HP Bar,98,5,13,3.26153846153846,41,58,Atomic
78.33789,56,9574,6,698,Offset HP Bar,164,10,10,3.66,34,58,Atomic
79.34016,55,9574,6,648,Offset HP Bar,50,3,5,4.44,30,57,Atomic
80.34907,54,9574,6,611,Offset HP Bar,37,5,0,0,27,57,Atomic
81.35095,53,9574,6,574,Offset HP Bar,37,4,1,1.7,27,56,Atomic
82.36054,52,9574,6,574,Offset HP Bar,0,3,1,3.2,21,57,Atomic
83.36134,51,9574,6,484,Offset HP Bar,90,6,13,3.47692307692308,20,59,Atomic
84.37558,50,9574,6,418,Offset HP Bar,66,12,2,2.95,17,61,Atomic
85.38641,49,9574,6,377,Offset HP Bar,41,5,4,2.5,11,61,Atomic
86.38811,48,9574,6,357,Offset HP Bar,20,3,2,2,7,61,Atomic
87.39783,47,9574,6,357,Offset HP Bar,0,3,0,0,4,62,Atomic
88.40559,46,9574,6,357,Offset HP Bar,0,3,1,3.6,2,61,Atomic
88.68736,46,9574,6,357,Offset HP Bar,643,67,1,3.6,2,61,Victory
89.73268,46,9574,7,357,Offset HP Bar,0,1,0,0,0,81,Atomic
90.75073,45,9574,7,357,Offset HP Bar,0,0,0,0,0,61,Atomic
91.75298,43,9574,7,357,Offset HP Bar,0,0,0,0,0,60,Atomic
92.75414,42,9574,7,357,Offset HP Bar,0,0,0,0,0,62,Atomic
93.76738,41,9574,7,357,Offset HP Bar,0,0,0,0,0,63,Atomic
94.76849,40,9574,7,357,Offset HP Bar,0,0,0,0,0,64,Atomic
95.76968,39,9574,7,357,Offset HP Bar,0,0,0,0,0,61,Atomic
96.77104,38,9574,7,357,Offset HP Bar,0,0,0,0,0,60,Atomic
97.78322,37,9574,7,357,Offset HP Bar,0,0,0,0,0,69,Atomic
98.7979,36,9574,7,357,Offset HP Bar,0,0,0,0,0,61,Atomic
99.81263,35,9574,7,357,Offset HP Bar,0,0,0,0,0,83,Atomic
100.8214,34,9574,7,357,Offset HP Bar,0,0,0,0,0,78,Atomic
101.8377,33,9574,7,357,Offset HP Bar,0,0,0,0,0,73,Atomic
102.8532,32,9574,7,357,Offset HP Bar,0,0,0,0,0,74,Atomic
103.868,31,9574,7,357,Offset HP Bar,0,0,0,0,0,66,Atomic
104.8727,30,9574,7,357,Offset HP Bar,0,0,0,0,0,74,Atomic
105.8772,29,9574,7,357,Offset HP Bar,0,0,0,0,0,80,Atomic
2.352167,60,2180,1,998,Offset HP Bar,2,0,4,2.5,5,13,Atomic
2.803894,60,9606,1,1000,Offset HP Bar,0,0,4,2.5,5,3,Atomic
3.812863,59,9606,1,998,Offset HP Bar,2,0,4,2.9,5,58,Atomic
4.818491,58,9606,1,995,Offset HP Bar,3,0,4,3.3,5,59,Atomic
5.644443,60,6924,1,998,Offset HP Bar,2,0,4,2.5,5,12,Atomic
6.651011,59,6924,1,997,Offset HP Bar,1,0,4,2.9,5,60,Atomic
7.672422,58,6924,1,992,Offset HP Bar,5,1,3,3.66666666666667,5,57,Atomic
8.688565,57,6924,1,987,Offset HP Bar,5,3,1,3.4,6,57,Atomic
9.715131,56,6924,1,986,Offset HP Bar,1,1,3,2.26666666666667,9,56,Atomic
6.591702,60,6728,1,998,Offset HP Bar,2,0,4,2.5,5,194,Atomic
7.606203,59,6728,1,997,Offset HP Bar,1,0,4,2.9,5,60,Atomic
8.640133,58,6728,1,993,Offset HP Bar,4,0,4,3.5,5,60,Atomic
3.893619,60,6679,1,998,Offset HP Bar,2,0,4,2.5,5,14,Atomic
4.897341,59,6679,1,997,Offset HP Bar,1,0,4,2.9,5,60,Atomic
5.909963,58,6679,1,995,Offset HP Bar,2,0,4,3.5,5,61,Atomic
6.910282,57,6679,1,949,Offset HP Bar,46,0,5,3.16,8,42,Atomic
7.911942,56,6679,1,892,Offset HP Bar,57,0,6,3.3,10,57,Atomic
8.922297,55,6679,1,847,Offset HP Bar,45,1,0,0,10,56,Atomic
9.925269,54,6679,1,847,Offset HP Bar,0,0,0,0,12,57,Atomic
10.94166,53,6679,1,847,Offset HP Bar,0,0,0,0,12,58,Atomic
11.95629,52,6679,1,847,Offset HP Bar,0,0,0,0,15,59,Atomic
12.95907,51,6679,1,847,Offset HP Bar,0,0,0,0,16,60,Atomic
13.96735,50,6679,1,847,Offset HP Bar,0,0,0,0,20,60,Atomic
14.97288,49,6679,1,847,Offset HP Bar,0,0,0,0,21,60,Atomic
4.151595,60,495,1,998,Offset HP Bar,2,0,4,2.5,5,14,Atomic
5.166364,59,495,1,997,Offset HP Bar,1,0,4,2.9,5,60,Atomic
6.173945,58,495,1,991,Offset HP Bar,6,0,4,3.5,5,60,Atomic
7.177036,57,495,1,938,Offset HP Bar,53,0,5,3.32,9,52,Atomic
8.183958,56,495,1,883,Offset HP Bar,55,0,6,3.4,11,50,Atomic
9.19422,55,495,1,823,Offset HP Bar,60,0,7,3.37142857142857,12,54,Atomic
3.815605,60,8379,1,998,Offset HP Bar,2,0,4,2.5,5,13,Atomic
4.818159,59,8379,1,997,Offset HP Bar,1,0,4,2.9,5,60,Atomic
5.823461,58,8379,1,993,Offset HP Bar,4,0,4,3.5,5,60,Atomic
6.838949,57,8379,1,936,Offset HP Bar,57,0,5,3.28,9,57,Atomic
5.429988,2147483648,618,1,1000,Offset HP Bar,0,0,0,0,0,178,Atomic
6.433352,59,618,1,997,Offset HP Bar,3,0,4,2.7,5,55,Atomic
5.704244,60,7106,1,997,Offset HP Bar,3,0,4,2.5,5,193,Atomic
6.711833,59,7106,1,996,Offset HP Bar,1,0,4,2.9,5,58,Atomic
7.71948,58,7106,1,990,Offset HP Bar,6,0,4,3.5,5,60,Atomic
8.720447,57,7106,1,934,Offset HP Bar,56,0,5,3.28,9,57,Atomic
9.73337,56,7106,1,875,Offset HP Bar,59,0,7,3.08571428571429,11,59,Atomic
3.268951,60,2966,1,998,Offset HP Bar,2,0,4,2.5,5,5,Atomic
4.297301,59,2966,1,965,Offset HP Bar,33,0,4,2.9,5,33,Atomic
5.324854,58,2966,1,932,Offset HP Bar,33,0,4,3.5,5,33,Atomic
6.352806,57,2966,1,899,Offset HP Bar,33,1,6,3,9,33,Atomic
7.354708,56,2966,1,866,Offset HP Bar,33,3,4,3,8,31,Atomic
8.358353,55,2966,1,862,Offset HP Bar,4,3,1,4.4,5,32,Atomic
9.386302,54,2966,1,862,Offset HP Bar,0,2,1,2.8,4,33,Atomic
10.39456,53,2966,1,861,Offset HP Bar,1,1,2,3.5,3,32,Atomic
11.42299,52,2966,1,860,Offset HP Bar,1,2,0,0,1,33,Atomic
11.95206,51,2966,1,860,Offset HP Bar,140,12,0,0,1,33,Victory
2.070508,60,6559,1,999,Offset HP Bar,1,0,4,2.5,5,11,Atomic
3.104449,59,6559,1,966,Offset HP Bar,33,1,3,3.06666666666667,5,33,Atomic
4.10765,58,6559,1,957,Offset HP Bar,9,1,0,0,4,32,Atomic
5.135386,57,6559,1,940,Offset HP Bar,17,4,1,3.4,3,33,Atomic
5.983384,56,6559,1,940,Offset HP Bar,60,7,1,3.4,3,33,Victory
1.799342,2147483648,7483,1,1000,Offset HP Bar,0,0,0,0,0,3,Atomic
2.801721,59,7483,1,975,Offset HP Bar,25,0,5,2.6,5,31,Atomic
3.806599,58,7483,1,951,Offset HP Bar,24,4,1,2.8,2,32,Atomic
4.591454,57,7483,1,951,Offset HP Bar,49,5,1,2.8,2,32,Victory
1.948799,60,4344,1,999,Offset HP Bar,1,0,4,2.5,5,11,Atomic
2.976916,59,4344,1,966,Offset HP Bar,33,1,4,2.9,5,33,Atomic
3.989239,58,4344,1,960,Offset HP Bar,6,2,1,3,3,32,Atomic
4.767972,57,4344,1,960,Offset HP Bar,40,5,1,3,3,32,Victory
2.101875,2147483648,9657,1,1000,Offset HP Bar,0,0,0,0,0,10,Atomic
3.129767,59,9657,1,968,Offset HP Bar,32,1,3,3.06666666666667,5,32,Atomic
4.159972,58,9657,1,963,Offset HP Bar,5,3,1,3,3,33,Atomic
4.533742,58,9657,1,963,Offset HP Bar,37,5,1,3,3,33,Victory
2.553824,2147483648,1795,1,1000,Offset HP Bar,0,0,0,0,0,3,Atomic
3.571207,59,1795,1,974,Offset HP Bar,26,1,3,2.86666666666667,5,32,Atomic
4.599501,58,1795,1,965,Offset HP Bar,9,3,0,0,4,33,Atomic
5.602899,57,1795,1,964,Offset HP Bar,1,1,1,1.2,2,32,Atomic
5.758131,57,1795,1,964,Offset HP Bar,36,6,1,1.2,2,32,Victory
2.190658,60,8595,1,999,Offset HP Bar,1,0,4,2.5,5,11,Atomic
3.218611,59,8595,1,966,Offset HP Bar,33,1,3,3.06666666666667,5,33,Atomic
4.244871,58,8595,1,944,Offset HP Bar,22,4,1,3,3,32,Atomic
5.144069,57,8595,1,944,Offset HP Bar,56,6,1,3,3,32,Victory
1.717551,2147483648,9853,1,1000,Offset HP Bar,0,0,0,0,0,7,Atomic
2.731467,59,9853,1,1000,Offset HP Bar,1,0,1,2.4,5,32,Atomic
3.759573,58,9853,1,1000,Offset HP Bar,0,1,0,0,1,33,Atomic
4.008602,58,9853,1,1000,Offset HP Bar,1,1,0,0,1,33,Victory
1.845099,2147483648,4674,1,1000,Offset HP Bar,0,0,0,0,0,7,Atomic
2.863681,59,4674,1,971,Offset HP Bar,29,1,4,2.9,5,32,Atomic
3.891634,58,4674,1,960,Offset HP Bar,11,4,0,0,1,33,Atomic
4.0474,58,4674,1,960,Offset HP Bar,40,5,0,0,1,33,Victory
1.563321,2147483648,690,1,1000,Offset HP Bar,0,0,0,0,0,7,Atomic
2.59118,59,690,1,967,Offset HP Bar,33,0,5,2.8,5,32,Atomic
3.619366,58,690,1,903,Offset HP Bar,64,4,1,2.8,2,33,Atomic
4.086678,58,690,1,899,Offset HP Bar,101,5,1,2.8,2,33,Victory
1.982049,60,5204,1,999,Offset HP Bar,1,0,4,2.5,5,10,Atomic
2.992719,59,5204,1,967,Offset HP Bar,32,1,3,3.06666666666667,5,32,Atomic
4.016164,58,5204,1,959,Offset HP Bar,8,4,0,0,2,31,Atomic
4.266194,58,5204,1,959,Offset HP Bar,41,5,0,0,2,31,Victory
1.967407,60,0,1,999,Offset HP Bar,1,0,4,2.5,5,10,Atomic
2.995361,59,0,1,999,Offset HP Bar,0,0,4,2.9,5,33,Atomic
4.02393,58,337,1,999,Offset HP Bar,0,0,4,3.5,5,33,Atomic
5.05161,57,337,1,1000,Offset HP Bar,9,0,0,0,9,33,Atomic
6.058566,56,337,1,1000,Offset HP Bar,0,0,1,1.2,12,31,Atomic
7.08798,55,337,1,1000,Offset HP Bar,0,1,0,0,9,33,Atomic
8.107035,54,337,1,1000,Offset HP Bar,0,1,2,4,9,32,Atomic
9.126566,53,337,1,993,Offset HP Bar,7,1,5,3.08,8,25,Atomic
10.13269,52,337,1,928,Offset HP Bar,65,3,6,2.43333333333333,12,32,Atomic
11.16066,51,337,1,864,Offset HP Bar,64,0,6,3.03333333333333,13,33,Atomic
12.16228,50,337,1,809,Offset HP Bar,55,0,5,3.12,16,32,Atomic
13.18981,49,337,1,776,Offset HP Bar,33,0,4,2.8,18,33,Atomic
14.19479,48,337,1,721,Offset HP Bar,55,0,13,3.80769230769231,18,29,Atomic
15.21435,47,337,1,490,Offset HP Bar,231,0,17,3.57058823529412,22,30,Atomic
16.23652,46,337,1,203,Offset HP Bar,287,0,22,3.29545454545455,27,32,Atomic
16.92223,45,337,1,-4,Offset HP Bar,1014,6,22,3.29545454545455,27,32,Death
27.74052,60,337,1,999,Offset HP Bar,1,0,4,2.5,5,10,Atomic
28.76847,59,337,1,976,Offset HP Bar,23,0,4,2.9,5,33,Atomic
29.79643,58,337,1,943,Offset HP Bar,33,0,4,3.5,5,33,Atomic
30.82437,57,337,1,920,Offset HP Bar,23,0,5,3.32,9,33,Atomic
31.85232,56,337,1,887,Offset HP Bar,33,1,5,3.8,10,33,Atomic
32.89307,55,337,1,859,Offset HP Bar,28,2,1,4.4,9,25,Atomic
33.92402,54,337,1,859,Offset HP Bar,0,0,2,3.1,9,33,Atomic
34.93511,53,337,1,828,Offset HP Bar,31,0,4,3.7,10,30,Atomic
35.94387,52,337,1,775,Offset HP Bar,53,0,7,3.45714285714286,14,29,Atomic
