{  
    "title":"Demographics",
    "instructions":"Please answer the following questions.",
    "code":"",
    "questions":[  
        {  
            "questiontype":"drop_down",
            "instructions":"What is your gender?",
            "id":"gender",
            "dropheight":104,
            "items":[  
                "Female",
                "Male",
                "Other",
                "Rather not say"
            ]
        },
        {
            "questiontype":"num_field",
            "instructions":"Whats your age?",
            "decimals": 0,
            "width": 60,
            "min": 0,
            "max": 100,
            "id":"age"
        },
        {  
            "questiontype":"drop_down",
            "instructions":"How often (on average) do you play games?",
            "id":"gamer_rate",
            "items":[  
                "Every day",
                "A few times per week",
                "Once per week",
                "A few times per month",
                "Once a month",
                "A few times per year",
                "Once per year",
                "Not at all"
            ]
        },
        {  
            "questiontype":"drop_down",
            "instructions":"What genre do you play most of the time? ",
            "id":"genre",
            "width":350,
            "dropwidth":350,
            "items":[  
                "Action",
                "Platform games",
                "First Person Shooter",
                "Beat 'em up",
                "Adventure",
                "Role Playing Games",
                "Mass Multiplayer Role Playing Games",
                "Simulation",
                "Vehicle Simulation",
                "Strategy",
                "Music Games",
                "Puzzle Games",
                "Sport Games",
                "Other"
            ]
        },
        {  
            "questiontype":"drop_down",
            "instructions":"Which of the following describes your playing style best?",
            "id":"single_Brainhex",
            "width":350,
            "dropwidth":920,
            "dropheight":140,
            "items":[  
                "Socializer: I like to relate to other people when playing a game.",
                "Mastermind: I completely enjoy solving fiendish  puzzles. ",
                "Seeker: I really enjoy discovering curious and wonderful things when exploring virtual game worlds.",
                "Daredevil: I am all about the thrill of the chase when rushing in a video game and the excitement of risk taking gives me the edge.",
                "Survivor: I enjoy facing threatening situations in video games and enjoy escaping form threats barely alive. ",
                "Achiever: I am extremely goal-oriented when playing and enjoy collecting and completing everything I find in a game.",
                "Conqueror: I like to be up against impossible odds and defeat my opponents with a crushing victory. "
            ]
        }
    ]
}